pathway,pval,padj,ES,NES,nMoreExtreme,size,leadingEdge,contrast
HALLMARK_INTERFERON_GAMMA_RESPONSE,0.000300661455201443,0.000616142945163278,-0.353082973314288,-1.57556801779971,0,180,Psmb2|Psme2|Nfkbia|Vamp8|Rbck1|Psme1|Socs3|Ifi30|Mvp|Pfkp|Cd74|H2-Aa|Irf1|Slc25a28|Psma3|Fcgr1|Tap1|Il10ra|Irf8|Myd88|Trafd1|Pde4b|H2-DMa|Tnfaip3|Trim21|Stat3|Mthfd2|Tor1b|Psmb10|Ifitm2|Il2rb|Ogfr|Ifi27|Lap3|Ptpn6|St3gal5|Pml|Tapbp|Rtp4|Eif4e3|Psmb8|Lgals3bp|Ly6e|Adar|Isg20|Bpgm|Rnf213|Znfx1|Parp12|Helz2|Txnip|Rnf31|Bst2|Casp7|Zbp1|Cmklr1|Il18bp|Ifnar2|Epsti1|Parp14|Nup93|Plscr1|Eif2ak2|Psmb9|Irf5|Tdrd7|Tnfaip2|Casp3|Oasl1,Med_vs_PBS
HALLMARK_MYOGENESIS,0.000303122158229767,0.000616142945163278,-0.377818993290227,-1.6874283711086,0,183,Camk2b|Gabarapl2|Ckb|Ak1|Pfkm|Ocel1|Atp6ap1|Itgb5|Sirt2|Mras|Akt2|Myh7|Plxnb2|Dmpk|Myh9|Kifc3|Kcnh1|Pcx|Aebp1|Hspb8|Ptp4a3|Tsc2|Tpm3|App|Crat|Syngr2|Gaa|Ache|Foxo4|Rit1|Flii|Kcnh2|Psen2|Myo1c|Agrn|Prnp|Cnn3|Myl2|Clu|Bhlhe40|Gnao1|Fkbp1b|Gsn|Ablim1|Gadd45b|Hdac5|Large1|Speg|Adcy9|Sh3bgr|Adam12|Sptan1|Ncam1|Pick1|Bag1|Tnnt1|Myl4|Pdlim7|Lsp1|Cox7a1|Itga7|Cryab|Efs|Erbb3|Dapk2,Med_vs_PBS
HALLMARK_ESTROGEN_RESPONSE_EARLY,0.000305064063453325,0.000616142945163278,-0.384909168966826,-1.72241404207001,0,186,Rapgefl1|Tubb2b|Mybbp1a|Tmem164|Fkbp4|Slc1a1|Arl3|Slc7a5|Akap1|Itpk1|Rps6ka2|Mapt|Fasn|Rhod|Siah2|Slc24a3|Wfs1|Med24|Aldh3b1|Gla|Tiam1|Flnb|Hspb8|Ttc39a|Amfr|Syngr1|Rara|Il6st|Rrp12|Kcnk5|Elf3|Blvrb|Ret|Igfbp4|Igf1r|Abca3|Kdm4b|Tgm2|Celsr2|Add3|Hr|Wwc1|Fdft1|Krt8|Unc119|Cant1|Abat|Snx24|Tbc1d30|Bhlhe40|Ablim1|Abhd2|Slc1a4|Tjp3|Adcy9|Gfra1,Med_vs_PBS
HALLMARK_APICAL_JUNCTION,0.000302114803625378,0.000616142945163278,-0.386175426477203,-1.73473118371356,0,189,Hras|Gnai2|Actb|Ppp2r2c|Cap1|Pcdh1|Evl|Pbx2|Pfn1|Tubg1|Taok2|Akt2|Myh9|Sympk|Nf2|Nrxn2|Shc1|Sirpa|Mapk13|Tgfbi|Sdc3|Nectin1|Thy1|Cd276|Crat|Nectin4|Nectin2|Hadh|Cldn9|Lamc2|Itga9|Ldlrap1|Mapk14|Col16a1|Inppl1|Stx4a|Mdk|Mpzl1|Alox8|Kcnh2|Gamt|Mvd|Icam5|Nlgn3|Cdh4|Amigo1|Ctnna1|Plcg1|Nfasc|Jup|Itga3|Vasp|Actn4|Myl9|Nlgn2|Gtf2f1|Cldn6|Myh10|Cldn4|Rsu1|Speg|Atp1a3|Fbn1,Med_vs_PBS
HALLMARK_ESTROGEN_RESPONSE_LATE,0.000300661455201443,0.000616142945163278,-0.392774007821321,-1.75268198049142,0,180,Etfb|Idh2|Rapgefl1|Cxcl14|Rnaseh2a|Ckb|Fkbp4|Mest|Arl3|Slc7a5|Fabp5|Itpk1|Sord|Rps6ka2|Mapt|Siah2|Nab2|Slc24a3|Wfs1|Slc29a1|Aldh3b1|Gla|Tiam1|Flnb|Llgl2|Mapk13|Hspb8|Amfr|Cacna2d2|Il6st|Pcp4|Kcnk5|Gper1|Chst8|Blvrb|Ret|Igfbp4|Abca3|Lamc2|Cd9|Nmu|Celsr2|Add3|Dcxr|Hr|Mdk|Fdft1|Gal|Ass1|Gale|Ptpn6|Lsr|Mettl3|Batf|Isg20|Plxnb1|Abhd2|Large1|Slc1a4|Tjp3,Med_vs_PBS
HALLMARK_HEME_METABOLISM,0.000300661455201443,0.000616142945163278,-0.400352374493372,-1.78649905199607,0,180,Agpat4|Bsg|Prdx2|Rad23a|Mxi1|Urod|Hdgf|Mgst3|Nfe2l1|Gde1|Ctsb|Ank1|Hagh|Trim58|Glrx5|H1f0|Dcaf11|Mfhas1|Slc25a38|Pigq|Pgls|Add1|Adipor1|Rcl1|Optn|Htra2|Alad|E2f2|Mpp1|Arl2bp|Dmtn|Pcx|Lrp10|Mkrn1|Tmcc2|Psmd9|Uros|Ucp2|Atp6v0a1|Pdzk1ip1|Hebp1|Sec14l1|Ccnd3|Rhd|Blvra|Blvrb|Ubac1|Tspan5|Rnf123|Ppp2r5b|Fbxo34|Selenbp1|Ctse|Rbm38|Arhgef12|Bcam|Rap1gap|Acsl6|Bpgm|Sptb|Clcn3|Ranbp10|Btrc,Med_vs_PBS
HALLMARK_APOPTOSIS,0.000294724432655467,0.000616142945163278,-0.410406100838745,-1.79829162753648,0,157,Sod1|Gpx1|Ctnnb1|Fez1|H1f0|Sqstm1|Gucy2e|Add1|Hmox1|Irf1|Pea15a|Psen1|Bcap31|Tap1|Eno2|Vdac2|Bcl10|Timp2|Tnfrsf12a|Rara|Mgmt|Fdxr|App|Ebp|Bcl2l11|Timp1|Bid|Lgals3|Ddit3|Ppp2r5b|Igf2r|Brca1|Psen2|Lmna|Bcl2l2|Casp9|Ppt1|Bcl2l1|Rhot2|Clu|Gstm2|Bik|Cdc25b|Gsn|Isg20|Gadd45b|Tspo|Atf3|Prf1|Plppr4|Gsr|Txnip|Madd|Retsat|Casp7|Pdgfrb|Sptan1|Nefh|Ank|Rela|Gna15|Cdk2|Cflar|Ccnd1|Erbb3|Dap|Hspb1|Slc20a1|Casp3|Dffa|Btg2|Jun,Med_vs_PBS
HALLMARK_BILE_ACID_METABOLISM,0.000269179004037685,0.000616142945163278,-0.457244872087228,-1.87093333622901,0,99,Sod1|Gnpat|Idh2|Abca4|Hsd17b4|Pecr|Acsl5|Prdx5|Bcar3|Pfkm|Abca2|Pex19|Optn|Dhcr24|Pex6|Slc29a1|Slc35b2|Fdxr|Fads2|Lonp2|Amacr|Abcd1|Abca3|Lck|Rxra|Paox|Fads1|Gnmt|Nr1h4|Cyp46a1|Bmp6|Lipe|Pex16|Retsat|Pex11g|Rxrg|Npc1|Ephx2|Nedd4|Efhc1|Mlycd|Tfcp2l1,Med_vs_PBS
HALLMARK_PI3K_AKT_MTOR_SIGNALING,0.000270124257158293,0.000616142945163278,-0.457013320911279,-1.8791807768711,0,102,Ppp1ca|Cdk4|Cfl1|Hras|Akt1|Ecsit|Arf1|Grk2|Arpc3|Sqstm1|Pfn1|Calr|Arhgdia|Nfkbib|Ap2m1|Akt1s1|Mknk2|Tiam1|Myd88|Ralb|Tsc2|Rptor|Pin1|Prkag1|Fgf22|Csnk2b|Smad2|Ddit3|Map2k6|Lck|Dusp3|Rit1|Plcg1|Irak4|Ptpn11|Tnfrsf1a|Ppp2r1b|Grb2,Med_vs_PBS
HALLMARK_CHOLESTEROL_HOMEOSTASIS,0.000254000508001016,0.000616142945163278,-0.491516811373245,-1.88850461258288,0,68,Anxa5|Ctnnb1|Abca2|Fabp5|Fasn|Aldoc|Tnfrsf12a|Ethe1|Gldc|Gusb|Mvk|Pparg|Fads2|Ebp|Lgmn|Ech1|Lgals3|Acss2|Pcyt2|Cd9|Lss|Fdft1|Srebf2|Gstm7|Ldlr|Mvd|Clu|Tmem97|Antxr2|Acat2|Atf5|Atf3,Med_vs_PBS
HALLMARK_HYPOXIA,0.000305064063453325,0.000616142945163278,-0.448530597648485,-2.0071109289537,0,186,Fosl2|Mif|Vegfa|Gck|Pfkl|Mxi1|Tpi1|Pgm2|Slc25a1|Aldoa|Prdx5|Pfkp|Jmjd6|Hk1|Xpnpep1|Hexa|Galk1|Gpi1|Bcan|Ppp1r15a|Hmox1|Ddit4|Kif5a|Tgfb3|Gpc3|Pgk1|Siah2|Aldoc|Eno2|Myh9|Pgf|Gys1|Grhpr|Nagk|Tgfbi|Slc37a4|Sdc3|Tpst2|Tnfaip3|Ilvbl|Csrp2|Angptl4|Adm|Ldha|Anxa2|Gaa|Ddit3|Tgm2|Irs2|Selenbp1|Cavin1|Sdc4|Dpysl4|Slc6a6|Bhlhe40|Isg20|Gpc1|Atf3|Large1|Cavin3|Pfkfb3|Hdlbp|Stbd1|P4ha1|Edn2|Klf7,Med_vs_PBS
HALLMARK_XENOBIOTIC_METABOLISM,0.000301204819277108,0.000616142945163278,-0.46390187261822,-2.05185151203632,0,170,Cbr1|Tmbim6|Sertad1|Gart|Aco2|Mthfd1|Etfdh|Gabarapl1|Asl|Spint2|Pmm1|Lonp1|Hes6|Hmox1|Ddah2|Mpp2|Pemt|Pink1|Ndrg2|Cda|Dhrs7|Irf8|Slc12a4|Pgd|Bcar1|Ets2|Dhrs1|Pcx|Aldh2|Cyfip2|Ddt|Mccc2|Acox3|Apoe|Comt|Tpst1|Acox1|Blvrb|Psmb10|Igfbp4|Alas1|Shmt2|Cyp2s1|Ech1|Dcxr|Aldh3a1|Nmt1|Fah|Por|Slc35b1|Gss|Tmem176b|Gnmt|Jup|Tnfrsf1a|Slc6a6|Tmem97|Rap1gap|Gsto1|Gstt2|Gsr|Acp2|Abcc3|Cyp1a1|Retsat|Ces1d|Npc1|Csad|Cndp2|Upb1|Slc46a3|Pycr1|Ephx1,Med_vs_PBS
HALLMARK_MTORC1_SIGNALING,0.000302114803625378,0.000616142945163278,-0.471916416504939,-2.11988663102001,0,189,Psmc4|Pdap1|Rpa1|Tuba4a|Pfkl|Tomm40|Abcf2|Tpi1|Ppia|Aldoa|Fkbp2|Hspe1|Ifi30|G6pdx|Got1|Ppa1|Psmb5|Sqstm1|Gpi1|Slc7a5|Ppp1r15a|Ddit4|Tubg1|Sord|Calr|Psma3|Dhcr24|Nfkbib|Pgk1|Ykt6|Gga2|Acly|Txnrd1|M6pr|Sec11a|Gla|Serpinh1|Slc37a4|Fdxr|Fads2|Ebp|Rpn1|Mthfd2|Ldha|Psmc2|Immt|Lgmn|Mllt11|Shmt2|Ddit3|Cd9|Add3|Rit1|Mcm2|Nmt1|Nup205|Fads1|Ldlr|Phgdh|Rdh11|Slc6a6|Bhlhe40|Tmem97|Sdf2l1|Arpc5l|Hspd1|Gsr|Slc1a4|Atp6v1d,Med_vs_PBS
HALLMARK_UNFOLDED_PROTEIN_RESPONSE,0.000270051309748852,0.000616142945163278,-0.51546730998013,-2.12434774845106,0,103,Banf1|Exosc2|Tubb2a|Vegfa|Exosc5|Eef2|Lsm4|Exosc4|Yif1a|Tatdn2|Dctn1|Zbtb17|Slc7a5|Ddit4|Calr|Eif4a1|Wfs1|Sec11a|Pop4|Shc1|Atp6v0d1|Spcs1|Hyou1|Imp3|Nop56|Srprb|Mthfd2|Pdia6|Dnaja4|Tspyl2|Gosr2|Eif4a3|Eif4g1|Aldh18a1|Cxxc1|Parn|Edc4|Nhp2|Atf3|Cks1b|Exosc9|Bag3|Arfgap1|Slc1a4,Med_vs_PBS
HALLMARK_PEROXISOME,0.0002686005909213,0.000616142945163278,-0.5240999998971,-2.13352635470761,0,95,Sod1|Gnpat|Fis1|Idh2|Hras|Acaa1a|Hsd17b4|Ctbp1|Acsl5|Mvp|Prdx5|Eci2|Ercc1|Dhcr24|Pex6|Bcl10|Slc35b2|Cln8|Acot8|Msh2|Crat|Acox1|Lonp2|Abcd1|Abcb9|Ech1|Pex14|Cadm1|Fads1|Dlg4|Rdh11|Tspo|Slc25a19|Hmgcl|Retsat|Itgb1bp1|Slc25a4|Rxrg|Cln6|Ephx2|Abcc5,Med_vs_PBS
HALLMARK_P53_PATHWAY,0.000308071472581639,0.000616142945163278,-0.475389046529043,-2.13867606027985,0,194,Rpl36|Rpl18|Rack1|Fuca1|Prmt2|Rps12|Hras|Slc3a2|Trp53|Vamp8|Triap1|Ifi30|Ak1|Cdk5r1|Rnf19b|Mxd4|Pmm1|Ctsf|Traf4|Ppp1r15a|Hmox1|Ddit4|Steap3|Wrap73|Plxnb2|Tap1|Bak1|Mknk2|Ctsd|Ip6k2|Cyfip2|Jag2|Iscu|Trafd1|Cd82|Fdxr|App|Ldhb|Ccnd3|Ralgds|Coq8a|Tnfsf9|Ddit3|Def6|Dcxr|Tspyl2|Gm2a|Rxra|Zfp365|Alox8|Rrp8|Rgs16|Tax1bp3|Mxd1|Tcn2|Kif13b|Rhbdf2|Hexim1|Abat|Acvr1b|Ier5|Hdac3|Sdc1|Fbxw7|Cd81|Sec61a1|Atf3|Abhd4|Txnip|Polh|Rps27l|Tm7sf3|Sertad3,Med_vs_PBS
HALLMARK_UV_RESPONSE_UP,0.000289687137891078,0.000616142945163278,-0.494596374959807,-2.1518842656241,0,150,Dnajb1|Ap2s1|Atp6v1f|Pdap1|Bsg|Nfkbia|Tuba4a|Tmbim6|Cltb|Urod|Acaa1a|Selenow|Aldoa|Mapk8ip2|Fkbp4|Psmc3|Pole3|Sqstm1|Hmox1|Irf1|Ctsl|Ykt6|Polr2h|Mrpl23|Tap1|Bak1|Rab27a|Eno2|Hyal2|Stk25|Fosb|Mgat1|Grina|Cdc34|Prkaca|Arrb2|Nptx2|Il6st|Ccnd3|Bcl2l11|Rpn1|Ret|Stard3|Bid|Alas1|Hspa2|Tyro3|Mmp14|Cyb5r1|Klhdc3|Kcnh2|Gal|Nr4a1|Dlg4|Ppt1|Creg1|Sigmar1|Atf3|Spr|Lhx2|Cyb5b|Cyp1a1|Slc25a4|Tst|Asns|Msx1|Clcn2|Htr7|Furin|Ephx1|Junb|Cdk2|Parp2|Prkcd|Rxrb|Casp3|Nptxr|Fen1|Grpel1|Btg2|Aqp3,Med_vs_PBS
HALLMARK_REACTIVE_OXYGEN_SPECIES_PATHWAY,0.000243249817562637,0.000616142945163278,-0.619365254550251,-2.22849735116792,0,48,Sod1|Prdx2|Ndufs2|Ftl1|Txn1|Atox1|Ptpa|Pfkp|G6pdx|Egln2|Abcc1|Txnrd1|Stk25|Hmox2|Ercc2|Cdkn2d|Prdx6|Prnp|Ipcef1|Sbno2|Lamtor5|Gsr|Msra|Ndufa6|Lsp1|Junb,Med_vs_PBS
HALLMARK_ADIPOGENESIS,0.000308071472581639,0.000616142945163278,-0.500136087797055,-2.25000783182377,0,194,Sod1|Uqcrc1|Etfb|Tkt|Ndufb7|Uqcr10|Sdhb|Taldo1|Pfkl|Uqcr11|Cox6a1|Echs1|Slc19a1|Slc25a1|Mdh2|Aldoa|Agpat3|Mgst3|Aco2|Sdhc|Cox8a|Miga2|Idh3g|Gpat4|Cd151|Stat5a|Slc5a6|Pemt|Acads|Dhrs7|Chchd10|Cs|Acly|Rab34|Coq5|Acaa2|Abcb8|Aldh2|Pim3|Ddt|Hspb8|Suclg1|Slc27a1|Apoe|Pparg|Ucp2|Coq9|Ak2|Crat|Lpcat3|Angptl4|Bckdha|Acox1|Immt|Hadh|Esyt1|Mrpl15|Ech1|Pex14|Samm50|Ywhag|Nmt1|Fah|Por|Aplp2|Cavin1|Rmdn3|Reep5|Ndufs3|Reep6|Adcy6|Ubc|Vegfb|Itsn1|Slc25a10|Sparcl1|Lipe|Esrra|Pfkfb3|Prdx3|Cpt2|Uck1|Cyc1|Elmod3|Retsat|Gpam|Jagn1|Phldb1|Tst,Med_vs_PBS
HALLMARK_FATTY_ACID_METABOLISM,0.00028735632183908,0.000616142945163278,-0.535204354093025,-2.32077180277202,0,146,Mif|Erp29|Cbr1|Acadvl|Echs1|Urod|Acaa1a|Cryz|Hsd17b4|Mdh2|Aldoa|Psme1|Aco2|Suclg2|Etfdh|Sdhc|Ncaph2|Acsl5|Gabarapl1|Gcdh|Idh3g|Eci2|Aadat|Adsl|Mcee|Acads|Dhcr24|Fasn|Alad|Idh3b|Hsd17b10|Eno2|Acaa2|Pcbd1|Grhpr|D2hgdh|Suclg1|Uros|Acot8|Mdh1|Apex1|Crat|Pdha1|Sdha|Dlst|Blvra|Ldha|Acox1|G0s2|Hadh|Ech1,Med_vs_PBS
HALLMARK_MYC_TARGETS_V1,0.000303122158229767,0.000616142945163278,-0.519648690445635,-2.3350761069552,0,190,Rplp0|Rpl18|Eef1b2|Rps2|Rack1|Psmc4|Rps5|Rpl14|Rps3|Rpl6|Rps6|Cct7|Psmb2|Cdk4|Got2|Ppm1g|Tufm|Ruvbl2|Hsp90ab1|Psmd3|Ppia|Hdgf|Hspe1|Txnl4a|Eif3d|Nop16|Pold2|Bub3|Impdh2|Ywhae|Pole3|Ran|Glo1|Eif4h|Cct2|Fbl|Ncbp2|Vdac1|Cdc45|Rnps1|Hnrnpa1|Dut|Phb2|Pgk1|Psmb3|Mrpl23|Eif4a1|Kpnb1|Rad23b|Gm10146|Trim28|Cct3|Eif3b|Psmd8|Ilf2|Prpf31|Nop56|Apex1|Snrpd3|Ldha|Erh|Stard7|G3bp1|Slc25a3|Xrcc6|Mcm7|Psma7|Mcm2|Sf3b3|Mcm6|Srpk1|Vdac3|Snrpd2|C1qbp|Srm|Nhp2|Aimp2|Ywhaq|Cad|Mcm5|Snrpa|Hspd1|Psmd7|Mrps18b|Cct5|Prdx3|Psma4|Cyc1|Pa2g4|Tcp1,Med_vs_PBS
HALLMARK_GLYCOLYSIS,0.000306372549019608,0.000616142945163278,-0.527189332060976,-2.36840169609464,0,191,Sod1|Pgam1|Psmc4|Taldo1|Mif|Vegfa|Pkm|Gmppa|Mxi1|Got2|Txn1|Tpi1|Pgm2|Aldh7a1|Ppia|Rbck1|Mdh2|Aldoa|Qsox1|Sdhc|Pfkp|G6pdx|Fkbp4|Akr1a1|Capn5|Got1|Galk1|Gnpda1|Ndufv3|B3gat3|Pgls|Ecd|Ddit4|B4galt2|Gpc3|Xylt2|Cldn3|Pgk1|Plod1|Chpf|Eno2|Med24|Mpi|Gys1|Pcx|Nol3|Pygb|Tgfbi|Slc37a4|Gusb|Galk2|Sdc3|Mdh1|Pmm2|Tpst1|Angptl4|Elf3|Ldha|Ext2|Hax1|Cldn9|Alg1|Cog2|Pygl|Irs2|Agrn|Gale|Bik|Dpysl4|Sdc1|Chst12|Stmn1|Isg20|Slc25a13|Gpc1|Chpf2|Slc25a10,Med_vs_PBS
HALLMARK_DNA_REPAIR,0.00028735632183908,0.000616142945163278,-0.547727340680198,-2.37257336219477,0,145,Supt4a|Edf1|Aprt|Taf10|Guk1|Vps37b|Trp53|Ddb1|Polr2f|Polr2e|Ak1|Lig1|Tarbp2|Impdh2|Dguok|Nt5c|Polr2i|Ncbp2|Alyref|Npr2|Nelfe|Polr1d|Polr2j|Ercc1|Dut|Ssrp1|Rbx1|Snapc5|Cda|Surf1|Rfc2|Polr2h|Bcap31|Nudt9|Supt5|Polr2c|Polr3gl|Vps28|Polr2g|Pde4b|Ercc2|Usp11|Pola2|Polr1c|Polr3c|Dad1|Adrm1|Sf3a3|Poll|Vps37d|Cant1|Sac3d1|Aaas|Nelfcd|Hcls1|Arl6ip1|Bcam|Adcy6|Ell|Pold1|Sec61a1|Gtf2f1|Taf6|Gtf2h5|Polh|Zwint|Snapc4|Nelfb|Rae1,Med_vs_PBS
HALLMARK_MYC_TARGETS_V2,0.00024770869457518,0.000616142945163278,-0.64475863519466,-2.40098667476357,0,57,Cdk4|Exosc5|Slc19a1|Mybbp1a|Hspe1|Grwd1|Nop16|Nop2|Pus1|Rcl1|Sord|Mrto4|Wdr74|Tcof1|Noc4l|Pes1|Ipo4|Nop56|Ppan|Rrp12|Bysl|Farsa|Dctpp1|Tmem97|Srm|Aimp2|Imp4|Mcm5|Hspd1,Med_vs_PBS
HALLMARK_OXIDATIVE_PHOSPHORYLATION,0.000300932891965092,0.000616142945163278,-0.659671113014115,-2.94701009787426,0,182,Ndufs8|Uqcrc1|Etfb|Ndufa1|Ndufb7|Uqcr10|Atp6v1f|Cox6b1|Cox4i1|Sdhb|Idh2|Acadvl|Ndufs2|Hadha|Uqcr11|Cox6a1|Got2|Echs1|Ndufb3|Ndufa3|Acaa1a|Ndufb6|Uqcrb|Ndufs6|Mrps12|Slc25a5|Ndufv1|Timm13|Mdh2|Polr2f|Timm50|Mgst3|Aco2|Slc25a11|Etfdh|Sdhc|Cox8a|Ndufa7|Mfn2|Idh3g|Oxa1l|Ndufa8|Atp6v0c|Ndufs7|Vdac1|Atp6ap1|Cyb5r3|Gpi1|Timm17a|Cox7a2|Atp6v1e1|Cox7a2l|Acat1|Ndufa2|Mrps11|Pmpca|Htra2|Phb2|Surf1|Ogdh|Cs|Uqcrh|Idh3b|Hsd17b10|Cox7c|Vdac2|Acaa2|Mrpl34|Cox5b|Iscu|Slc25a12|Ndufa9|Suclg1|Mdh1|Timm10|Ldhb|Pdha1|Sdha|Dlst|Bckdha|Ldha|Immt|Uqcrc2|Alas1|Mrpl15|Ech1|Slc25a3,Med_vs_PBS
HALLMARK_TNFA_SIGNALING_VIA_NFKB,0.000604960677555959,0.00116338591837684,-0.349459158431503,-1.5664553148635,1,187,Fosl2|Nr4a3|Tubb2a|Vegfa|Rcan1|Nfkbia|Nr4a2|Socs3|Rnf19b|Sqstm1|Stat5a|Ppp1r15a|Irf1|Fosl1|Tap1|Panx1|Per1|Ehd1|B4galt5|Fosb|Ets2|F2rl1|Pde4b|Tnfaip3|Il6st|Il23a|G0s2|Tnfrsf9|Trip10|Smad3|Tnfsf9|Nfkbie|Spsb1|Irs2|Ldlr|Mxd1|Nr4a1|Sdc4|Ier5|Bhlhe40|Snn|Gadd45b|Csf1|Ier2|Tnip1|Tlr2|Atf3|Bcl2a1d|Cd83,Med_vs_PBS
HALLMARK_INTERFERON_ALPHA_RESPONSE,0.00105429625724829,0.00195240047638572,-0.418452604677408,-1.693758186165,3,91,Psme2|Mvb12a|Psme1|Ifi30|Gmpr|Cd74|Irf1|Slc25a28|Nub1|Psma3|Tap1|Trafd1|Trim21|Ifitm2|Ogfr|Ifi27|Lap3|Rtp4|Psmb8|Lgals3bp|Ly6e|Adar|Isg20|Csf1|Parp12|Helz2|Txnip|Rnf31|Bst2|Epsti1|Parp14|Plscr1|Parp9|Eif2ak2|Psmb9|Tdrd7|Oasl1|Nmi|Ifitm3|Trim26|Cmpk2|Trim25|Cnp|Casp8|Uba7|Mov10|Ube2l6|Irf9|Cxcl10|Stat2,Med_vs_PBS
HALLMARK_EPITHELIAL_MESENCHYMAL_TRANSITION,0.00181323662737987,0.00323792254889263,-0.327176969525971,-1.46822910160658,5,188,Vegfa|Fuca1|Qsox1|Mest|Copa|Lrp1|Itgb5|Fbn2|Aplp1|Plod1|Efemp2|Eno2|Cdh2|Tnfrsf12a|Fbln2|Ppib|Serpinh1|Tgfbi|Ntm|Thy1|Tnfaip3|Plod3|Loxl1|Htra1|Timp1|Colgalt1|Pvr|Igfbp4|Lamc2|Mcm7|Tgm2|Cadm1|Mmp14|Col16a1|Lamc1|Lama1|Fstl1|Sdc4|Emp3|Sdc1|Myl9|Gadd45b|Gpc1|Sfrp1|Magee1|Gpx7|Flna|Fbn1|Eln|Crlf1|Notch2|Lgals1|Adam12|Pdgfrb|Msx1|Basp1,Med_vs_PBS
HALLMARK_COMPLEMENT,0.00210084033613445,0.00362213851057664,-0.333262753961401,-1.48081165706981,6,174,Calm3|Atox1|Gnb2|Gnai2|Hspa1a|Anxa5|Ctsb|Cdk5r1|Xpnpep1|Csrp1|Lrp1|Pfn1|Klk1|Apoc1|Ppp4c|Spock2|Irf1|Psen1|Ctsl|Cda|Hpcal4|Ehd1|Timp2|Ctsd|Gng2|Calm1|Tnfaip3|Timp1|Lgmn|Lgals3|Lck|Mmp14|Stx4a|Rhog|Cpq|Lap3|Rabif|Fyn|Casp9|Mt3|Clu|Pla2g7|Mmp15|Mmp12|Grb2|C1qc|Kcnip2|Scg3|C2|Casp7|Src|Lipa|Rce1|Prss36|Ppp2cb|Me1|Sirt6|S100a13|Sh2b3|Gpd2|Dock9|Msrb1|Plscr1|Prkcd|Psmb9|Col4a2|Casp3|Prep|Brpf3,Med_vs_PBS
HALLMARK_COAGULATION,0.00630828304991772,0.0105138050831962,-0.351790293956963,-1.47627061077763,22,116,Gnb2|Ctsb|Capn5|Csrp1|Lrp1|Apoc1|Sirt2|Ctsl|Iscu|Dusp14|Usp11|Htra1|Timp1|Lgmn|Crip2|Pef1|Cd9|Mmp14|Wdr1|Rapgef3|Cpq|Msrb2|Ctse|Rabif|Fyn|Casp9|Clu|Mmp15|Gsn|Fbn1|C2|Klf7|Furin|S100a13|Proz|Bmp1|Pf4|Prep|Itgb3|C1qa|Pdgfb|S100a1|Cpn1|Mmp7|Pecam1|C3|Plat|Ang,Med_vs_PBS
HALLMARK_E2F_TARGETS,0.00893407270486753,0.0140639063906391,-0.305534375560564,-1.37453536082685,28,194,Snrpb|Cdk4|Rpa1|Rnaseh2a|Cit|Trp53|Jpt1|Lig1|Pold2|Ppp1r8|Ran|Tubb5|Tubg1|Dut|Ssrp1|Rfc2|Timeless|Smc1a|Ube2s|Ilf3|Rbbp7|Phf5a|Cenpm|Lyar|Paics|Pola2|Msh2|Ak2|Nop56|Mthfd2|Dnmt1|Tcf19|Mlh1|Pop7|Gins4|Spc24|Xrcc6|Mcm7|Mcm2|Brca1|Nup205|Mcm6|Ncapd2|Hmgb3,Med_vs_PBS
HALLMARK_ALLOGRAFT_REJECTION,0.009000900090009,0.0140639063906391,-0.314035233013134,-1.39048085049911,29,171,Rps9|Rps3a1|Apbb1|H2-DMb2|Akt1|Eif3d|Eif5a|Cd74|Ltb|H2-Aa|Tap2|Tap1|Irf8|Bcl10|Rpl9|H2-DMa|Il16|Thy1|Ccnd3|Csk|Itgal|Timp1|Psmb10|Cd4|Ache|Lck|Il2rb|Brca1|Map4k1|Cd8b1|Ptpn6|Tapbp|Hcls1|Dyrk3|Csf1|Tlr2|Prf1|Flna|Krt1|Crtam|Degs1|C2,Med_vs_PBS
HALLMARK_APICAL_SURFACE,0.0160941628633197,0.0243850952474541,-0.435690035037721,-1.52102149468657,66,42,Ephb4|Scube1|Flot2|Gstm5|Crocc|Lypd3|Thy1|App|Il2rb|Brca1|Rtn4rl1|Atp8b1|Tmem8b|Dcbld2|Hspb1,Med_vs_PBS
HALLMARK_KRAS_SIGNALING_DN,0.0473512873631252,0.067644696233036,-0.287474616129927,-1.26293721579631,159,160,Nr4a2|Gpr19|Edar|Mthfr|Myh7|Ypel1|Oxt|Copz2|Thnsl2|Scn10a|Lypd3|Kcnq2|Pdk2|Fgf22|Sphk2|Coq8a|Mast3|Clstn3|Kcnmb1|Celsr2|Gamt|Lgals7|Slc29a3|Prop1|Snn|Tg|Htr1d|Tenm2|Atp4a|Ribc2|Nrip2|Krt1|Kcnn1|Slc25a23|Edn2|Sptbn2|Ryr2|Cpa2|Gtf3c5|Gprc5c|Krt4|Pcdhb1|Tfcp2l1|Tnni3|Fgfr3,Med_vs_PBS
HALLMARK_IL6_JAK_STAT3_SIGNALING,0.0464996125032291,0.067644696233036,-0.339338738752813,-1.33261451325356,179,77,Socs3|Ltb|Hmox1|Irf1|Bak1|Tnfrsf12a|Myd88|Il17ra|Ltbr|Il6st|Stat3|Hax1|Cd9|Acvr1b|Ptpn11|Tnfrsf1a|Grb2|Il10rb|Csf1|Tlr2|Il3ra,Med_vs_PBS
HALLMARK_HEDGEHOG_SIGNALING,0.0586296209088769,0.0792292174444282,-0.41389531584052,-1.38206285722975,248,34,Vegfa|Cdk5r1|Ldb1|Myh9|Ets2|Rtn1|Thy1|Crmp1|L1cam|Ache|Slit1|Pml,Med_vs_PBS
HALLMARK_NOTCH_SIGNALING,0.0584521861117606,0.0792292174444282,-0.425348883203652,-1.38920255294847,249,31,Aph1a|Kat2a|Rbx1|Dtx1|Fzd1|Psenen|Psen2|Dtx2|Arrb1|Notch2|Notch3|Ccnd1|Maml2|Wnt5a|Dll1|Sap30|Heyl|Prkca|Notch1|Ppard|Fzd7|Dtx4|Jag1,Med_vs_PBS
HALLMARK_WNT_BETA_CATENIN_SIGNALING,0.0720785440613027,0.0948401895543456,-0.390870492476133,-1.3433245971531,300,39,Trp53|Ctnnb1|Kat2a|Hdac11|Jag2|Axin1|Axin2|Fzd1|Psen2|Ncstn|Hdac5|Csnk1e,Med_vs_PBS
HALLMARK_PANCREAS_BETA_CELLS,0.0910370717972783,0.116714194611895,-0.408915299221173,-1.32730283690027,387,30,Gck|Srp14|Stxbp1|Sec11a|Spcs1|Srprb|Syt13|Chga,Med_vs_PBS
HALLMARK_UV_RESPONSE_DN,0.129116250574361,0.161395313217951,0.294922061080815,1.18777185480043,842,142,Nipbl|Pten|Mios|Nek7|Acvr2a|Atrx|Inpp4b|Ythdc1|Cdc42bpa|Vldlr|Dab2|Celf2|Prkar2b|Togaram1|Wdr37|Bmpr1a|Bdnf|Rasa2|Cdk13|Runx1|Nr3c1|Nfib|Nr1d2|Plcb4|Met|Efemp1|Magi2|Gcnt1|Sfmbt1|Tgfbr3|Cav1|Rbpms|Atp2c1,Med_vs_PBS
HALLMARK_KRAS_SIGNALING_UP,0.144736842105263,0.176508344030809,-0.252725641999172,-1.13635098508851,472,192,Gadd45g|Fuca1|Tspan1|Spon1|Tspan7|Spry2|Ppp1r15a|Akt2|Lcp1|Igf2|Il10ra|Irf8|Ptprr|Reln|F2rl1|Tnfaip3|Pcp4|Prkg2|Angptl4|G0s2|Cbx8|Ano1|St6gal1|Scg5|Rgs16|Map4k1|Tmem176a|Tmem176b|Epb41l3|Jup|Nr1h4|Psmb8|Ephb2|Wdr33|Scg3|Bpgm|Sparcl1|Prelid3b|Aldh1a3|Usp12|Pcsk1n|Mycn|Mafb|Map7|Ace|Yrdc,Med_vs_PBS
HALLMARK_G2M_CHECKPOINT,0.225608845062005,0.262335866351169,0.26545562126625,1.10588847407856,1509,188,Smc4|Xpo1|Pds5b|Cul3|Tmpo|Atrx|Smc2|Ythdc1|Casp8ap2|Syncrip|Stag1|Srsf10|Mnat1|Cdc27|Pura|Plk4|Pafah1b1|Cul1|Knl1|Sfpq|Prc1|Mtf2|Dr1|Kif20b|Kif5b|Efna5|Rbl1|Kif15|Prpf4b|Dmd|Orc5|Top1|Rasal2|Meis1|Slc12a2|Marcks|Ube2c|Srsf1|Cul5|Rps6ka5|Tfdp1|Hnrnpu|Rad21|Nsd2|Bub1|Tra2b,Med_vs_PBS
HALLMARK_ANGIOGENESIS,0.225570991287968,0.262335866351169,-0.345238094147107,-1.15280537991242,957,34,Vegfa|Lrpap1|Jag2|App|Timp1|Fstl1|Fgfr1|Msx1,Med_vs_PBS
HALLMARK_INFLAMMATORY_RESPONSE,0.239385727190605,0.27202923544387,-0.242538758628069,-1.08290197780876,794,181,Nfkbia|Tacr1|Irf1|Gpc3|Psen1|Il10ra|Slamf1|Pde4b|Cd82|Timp1|Adm|Tnfrsf9|Pvr|Tnfsf9|Lck|Mmp14|Il2rb|Adrm1|Slc7a1|Rhog|Rgs16|Ldlr|Mxd1|P2rx4|Tapbp|Acvr1b|Rtp4|Emp3|Scarf1|Ly6e|Best1|Csf1|Tlr2|Ptafr|Bst2|Axl|Cmklr1|Cybb|Rela|Gna15|Dcbld2|Slc4a4|Gabbr1|Pdpn|Eif2ak2|Sema4d|Btg2|Itgb3|Il18rap|Tpbg|Rnf144b|Nmi|Kcna3,Med_vs_PBS
HALLMARK_IL2_STAT5_SIGNALING,0.280664652567976,0.311849613964418,-0.236087528745024,-1.06052423359993,928,189,Rnh1|Gabarapl1|Uck2|Ctsz|Ltb|Cdc42se2|Nop2|Pus1|Aplp1|Il10ra|Irf8|Tiam1|Syt11|Syngr2|Ccnd3|Tnfrsf9|Amacr|Igf1r|Igf2r|Tgm2|Il2rb|Fah|Rgs16|Mxd1|Drc1|Myo1c|Map6|Prnp|P2rx4|Bcl2l1|Batf|Bhlhe40|Cd81|Gsto1|Gadd45b|Galm|Csf1|Il3ra|Cd83|Praf2|Itga6|Dcps|Plec|P4ha1,Med_vs_PBS
HALLMARK_PROTEIN_SECRETION,0.32776008492569,0.35626096187575,-0.260230572974846,-1.05639331456415,1234,93,Sod1|Ap2s1|Cope|Ergic3|Atp1a1|Arf1|Napa|Clta|Ykt6|Scrn1|Ap2m1|M6pr|Gla|Cd63|Igf2r|Cog2|Gosr2|Arfgap3|Ppt1,Med_vs_PBS
HALLMARK_MITOTIC_SPINDLE,0.401060070671378,0.422701302152538,0.243758747725651,1.02336325207311,2723,198,Ccdc88a|Smc4|Wasl|Rock1|Arhgap5|Rapgef6|Cep57|Rasa1|Sos1|Arfgef1|Rapgef5|Rictor|Hook3|Cd2ap|Tlk1|Fgd4|Abi1|Pcm1|Ppp4r2|Sorbs2|Cdc42bpa|Cdc27|Nin|Pafah1b1|Pcgf5|Prc1|Kif20b|Kif5b|Tubgcp5|Kif15|Lats1|Cdk5rap2|Rasa2|Ranbp9|Rasal2,Med_vs_PBS
HALLMARK_ANDROGEN_RESPONSE,0.405793250066436,0.422701302152538,-0.25073734262356,-1.02025832041412,1526,94,Akt1|Ube2i|H1f0|Srf|Sord|Gpd1l|Dhcr24|Abcc4|Adamts1|Xrcc5|Rab4a|Ccnd3|Rrp12|Xrcc6|Adrm1|Krt8|Fads1|Tmem50a|Dbi|Abhd2|Gsr|Aldh1a3|Map7|Pa2g4|Ank|Pmepa1|Ncoa4|Ccnd1|Insig1|Krt19|Ptk2b,Med_vs_PBS
HALLMARK_TGF_BETA_SIGNALING,0.754656071517259,0.770057215833937,-0.233654484639735,-0.855706115098295,3038,53,Ppp1ca|Ctnnb1|Bcar3|Ppp1r15a|Ski|Smad3|Id3|Hdac1|Fkbp1a|Fnta|Cdk9|Furin|Pmepa1|Junb|Sptbn1|Rab31|Ltbp2|Smurf1|Slc20a1,Med_vs_PBS
HALLMARK_SPERMATOGENESIS,0.937397484964461,0.937397484964461,-0.191146873466863,-0.796301724519924,3428,110,Taldo1|Pebp1|Nphp1|Clpb|Gstm5|Ip6k1|Nf2|Pgs1|Cnih2|Ddx25|Mtor|Ddx4|Hspa2|Scg5|Vdac3|Scg3|Tcp11|Pcsk1n|Map7|Tsn|Phkg2|Ace|Pdha2|Htr5a|Nefh|Psmg1|Chrm4|Parp2|Tekt2|Tnni3,Med_vs_PBS
